{"cameraMode":{"drawMode":0,"name":"Shaded","section":"Shading Mode"},"sceneLighting":true,"audioPlay":false,"sceneViewState":{"m_AlwaysRefresh":false,"showFog":true,"showSkybox":true,"showFlares":true,"showImageEffects":true,"showParticleSystems":true,"showVisualEffectGraphs":true,"m_FxEnabled":true},"in2DMode":false,"pivot":{"x":2.497774362564087,"y":14.644684791564942,"z":-9.563018798828125},"rotation":{"x":-0.14613758027553559,"y":-0.8480578660964966,"z":0.29910922050476076,"w":-0.41272076964378359},"size":2.3570542335510256,"orthographic":false}