{"cameraMode":{"drawMode":0,"name":"Shaded","section":"Shading Mode"},"sceneLighting":true,"audioPlay":false,"sceneViewState":{"m_AlwaysRefresh":false,"showFog":true,"showSkybox":true,"showFlares":true,"showImageEffects":true,"showParticleSystems":true,"showVisualEffectGraphs":true,"m_FxEnabled":true},"in2DMode":false,"pivot":{"x":33.846595764160159,"y":16.42734146118164,"z":28.17245101928711},"rotation":{"x":0.25377175211906435,"y":0.01737547665834427,"z":-0.004594833590090275,"w":0.9671468734741211},"size":7.261397838592529,"orthographic":false}