{"cameraMode":{"drawMode":0,"name":"Shaded","section":"Shading Mode"},"sceneLighting":true,"audioPlay":false,"sceneViewState":{"m_AlwaysRefresh":false,"showFog":true,"showSkybox":true,"showFlares":true,"showImageEffects":true,"showParticleSystems":true,"showVisualEffectGraphs":true,"m_FxEnabled":true},"in2DMode":false,"pivot":{"x":173.3750457763672,"y":167.83743286132813,"z":83.09703063964844},"rotation":{"x":0.024264147505164148,"y":-0.047001708298921588,"z":0.0015571806579828263,"w":0.9987151622772217},"size":82.07859802246094,"orthographic":false}