{"cameraMode":{"drawMode":0,"name":"Shaded","section":"Shading Mode"},"sceneLighting":true,"audioPlay":false,"sceneViewState":{"m_AlwaysRefresh":false,"showFog":true,"showSkybox":true,"showFlares":true,"showImageEffects":true,"showParticleSystems":true,"showVisualEffectGraphs":true,"m_FxEnabled":true},"in2DMode":false,"pivot":{"x":16.85000228881836,"y":10.554471015930176,"z":19.318614959716798},"rotation":{"x":-0.12742498517036439,"y":0.19794714450836183,"z":0.025892801582813264,"w":0.9715992212295532},"size":17.253725051879884,"orthographic":false}